Subject: OKS001,,,,,,,,,,
,,,,,,,,,,
Section,Subject,Tissue,Label,Voxels,Vol (cm³),mua (mm^-1),Mean Fluence Rate (mW/cm²),Max Fluence Rate (mW/cm²),Absorbed Power (mW),% of Total Absorbed
Layer,OKS001,femur-bone,1,246947,246.947,0.013,8.61E-01,3.27E+03,27.631996,27.537
Layer,OKS001,tibia-bone,2,167120,167.12,0.013,2.45E-02,2.99E+00,0.532054,0.5302
Layer,OKS001,fibula-bone,3,19357,19.357,0.013,1.19E-05,1.06E-03,0.00003,0
Layer,OKS001,patella-bone,4,4683,4.683,0.013,2.20E+00,3.60E+02,1.341484,1.3369
Layer,OKS001,lm-men,5,2878,2.878,0.006,4.43E-01,3.98E+00,0.076471,0.0762
Layer,OKS001,mm-men,6,3672,3.672,0.006,9.02E-01,9.41E+00,0.198774,0.1981
Layer,OKS001,fc-cart,7,17610,17.61,0.005,4.00E+00,1.78E+03,3.522483,3.5104
Layer,OKS001,ltc-cart,8,2862,2.862,0.005,9.67E-02,1.51E+00,0.013845,0.0138
Layer,OKS001,mtc-cart,9,1916,1.916,0.005,6.76E-01,4.63E+00,0.064781,0.0646
Layer,OKS001,pat-cart,10,8266,8.266,0.005,6.53E-02,1.15E+00,0.026971,0.0269
Layer,OKS001,muscle,11,620895,620.895,0.018,5.66E-01,2.57E+03,63.289749,63.0722
Layer,OKS001,adipose,12,357111,357.111,0.0057,1.59E-01,2.32E+01,3.231921,3.2208
Layer,OKS001,skin,13,128680,128.68,0.0046,4.87E-02,6.69E+00,0.288446,0.2875
Layer,OKS001,synovial,14,34006,34.006,0.0002,1.85E+00,1.82E+03,0.125853,0.1254
,,,,,,,,,,
Section,Subject,Group,Total Voxels,Total Vol (cm³),Mean Fluence Rate (mW/cm²),Max Fluence Rate (mW/cm²),Absorbed Power (mW),% of Total Absorbed,,
Group,OKS001,Bone,438107,438.107,5.18E-01,3.27E+03,29.505566,29.4042,,
Group,OKS001,Cartilage,30654,30.654,2.37E+00,1.78E+03,3.62808,3.6156,,
Group,OKS001,Meniscus,6550,6.55,7.00E-01,9.41E+00,0.275245,0.2743,,
Group,OKS001,Synovial,34006,34.006,1.85E+00,1.82E+03,0.125853,0.1254,,
Group,OKS001,Muscle,620895,620.895,5.66E-01,2.57E+03,63.289749,63.0722,,
Group,OKS001,Adipose,357111,357.111,1.59E-01,2.32E+01,3.231921,3.2208,,
Group,OKS001,Skin,128680,128.68,4.87E-02,6.69E+00,0.288446,0.2875,,
Group,OKS001,TOTAL,1616003,1616.003,,,100.344856,100,,
,,,,,,,,,,
Power,OKS001,Sources: 3,Power per source: 37.5 mW (avg),Total input: 112.5 mW,Total absorbed: 100.3449 mW,Absorption ratio: 89.20%,,,,
,,,,,,,,,,
Section,Subject,Group,Mean Fluence Rate (mW/cm²),Dose @ 300s (J/cm²),Dose @600s (J/cm²),Dose @900s (J/cm²),Therapeutic Goal: (1-4 J/cm²),,,
Dose,OKS001,Bone,5.18E-01,0.1554,0.3108,0.4662,,,,
Dose,OKS001,Cartilage,2.37E+00,0.7101,1.4202,2.1303,,,,
Dose,OKS001,Meniscus,7.00E-01,0.2101,0.4202,0.6303,,,,
Dose,OKS001,Synovial,1.85E+00,0.5551,1.1102,1.6653,,,,
Dose,OKS001,Muscle,5.66E-01,0.1699,0.3398,0.5097,,,,
Dose,OKS001,Adipose,1.59E-01,0.0476,0.0952,0.1428,,,,
Dose,OKS001,Skin,4.87E-02,0.0146,0.0292,0.0438,,,,
,,,,,,,,,,
----------------------------------------,,,,,,,,,,
,,,,,,,,,,
Subject: OKS002,,,,,,,,,,
,,,,,,,,,,
Section,Subject,Tissue,Label,Voxels,Vol (cm³),mua (mm^-1),Mean Fluence Rate (mW/cm²),Max Fluence Rate (mW/cm²),Absorbed Power (mW),% of Total Absorbed
Layer,OKS002,femur-bone,1,160519,160.519,0.013,1.45E+00,3.31E+03,30.216055,30.0947
Layer,OKS002,tibia-bone,2,127409,127.409,0.013,5.24E-01,2.19E+03,8.67219,8.6374
Layer,OKS002,fibula-bone,3,11458,11.458,0.013,5.26E-03,1.46E-01,0.007839,0.0078
Layer,OKS002,patella-bone,4,12496,12.496,0.013,9.49E-02,2.28E+00,0.154208,0.1536
Layer,OKS002,lm-men,5,2798,2.798,0.006,4.02E+00,8.10E+01,0.67557,0.6729
Layer,OKS002,mm-men,6,2284,2.284,0.006,1.34E+00,7.87E+00,0.183644,0.1829
Layer,OKS002,fc-cart,7,8407,8.407,0.005,4.83E+00,1.20E+03,2.030894,2.0227
Layer,OKS002,ltc-cart,8,1320,1.32,0.005,6.65E-01,1.83E+01,0.043892,0.0437
Layer,OKS002,mtc-cart,9,631,0.631,0.005,8.31E-01,4.29E+00,0.02623,0.0261
Layer,OKS002,pat-cart,10,5474,5.474,0.005,7.25E-02,5.68E-01,0.019848,0.0198
Layer,OKS002,muscle,11,479521,479.521,0.018,6.38E-01,3.48E+03,55.093578,54.8723
Layer,OKS002,adipose,12,284767,284.767,0.0057,1.76E-01,2.58E+01,2.855438,2.844
Layer,OKS002,skin,13,102463,102.463,0.0046,5.37E-02,7.06E+00,0.252912,0.2519
Layer,OKS002,synovial,14,24746,24.746,0.0002,3.45E+00,1.33E+03,0.170954,0.1703
,,,,,,,,,,
Section,Subject,Group,Total Voxels,Total Vol (cm³),Mean Fluence Rate (mW/cm²),Max Fluence Rate (mW/cm²),Absorbed Power (mW),% of Total Absorbed,,
Group,OKS002,Bone,311882,311.882,9.63E-01,3.31E+03,39.050293,38.8935,,
Group,OKS002,Cartilage,15832,15.832,2.68E+00,1.20E+03,2.120864,2.1123,,
Group,OKS002,Meniscus,5082,5.082,2.82E+00,8.10E+01,0.859215,0.8558,,
Group,OKS002,Synovial,24746,24.746,3.45E+00,1.33E+03,0.170954,0.1703,,
Group,OKS002,Muscle,479521,479.521,6.38E-01,3.48E+03,55.093578,54.8723,,
Group,OKS002,Adipose,284767,284.767,1.76E-01,2.58E+01,2.855438,2.844,,
Group,OKS002,Skin,102463,102.463,5.37E-02,7.06E+00,0.252912,0.2519,,
Group,OKS002,TOTAL,1224293,1224.293,,,100.403252,100,,
,,,,,,,,,,
Power,OKS002,Sources: 3,Power per source: 37.5 mW (avg),Total input: 112.5 mW,Total absorbed: 100.4033 mW,Absorption ratio: 89.25%,,,,
,,,,,,,,,,
Section,Subject,Group,Mean Fluence Rate (mW/cm²),Dose @ 300s (J/cm²),Dose @ 600s (J/cm²),Dose @900s (J/cm²),Therapeutic Goal: (1-4 J/cm²),,,
Dose,OKS002,Bone,9.63E-01,0.2889,0.5778,0.8667,,,,
Dose,OKS002,Cartilage,2.68E+00,0.8038,1.6076,2.4114,,,,
Dose,OKS002,Meniscus,2.82E+00,0.8454,1.6908,2.5362,,,,
Dose,OKS002,Synovial,3.45E+00,1.0363,2.0726,3.1089,,,,
Dose,OKS002,Muscle,6.38E-01,0.1915,0.383,0.5745,,,,
Dose,OKS002,Adipose,1.76E-01,0.0528,0.1056,0.1584,,,,
Dose,OKS002,Skin,5.37E-02,0.0161,0.0322,0.0483,,,,
,,,,,,,,,,
----------------------------------------,,,,,,,,,,
,,,,,,,,,,
Subject: OKS003,,,,,,,,,,
,,,,,,,,,,
Section,Subject,Tissue,Label,Voxels,Vol (cm³),mua (mm^-1),Mean Fluence Rate (mW/cm²),Max Fluence Rate (mW/cm²),Absorbed Power (mW),% of Total Absorbed
Layer,OKS003,femur-bone,1,196387,196.387,0.013,1.15E+00,3.31E+03,29.418705,28.9075
Layer,OKS003,tibia-bone,2,111288,111.288,0.013,1.07E-02,1.28E+00,0.155041,0.1523
Layer,OKS003,fibula-bone,3,10544,10.544,0.013,1.33E-05,1.27E-03,0.000018,0
Layer,OKS003,patella-bone,4,20862,20.862,0.013,1.58E+00,4.54E+02,4.274618,4.2003
Layer,OKS003,lm-men,5,2884,2.884,0.006,1.01E-01,1.19E+00,0.017517,0.0172
Layer,OKS003,mm-men,6,2626,2.626,0.006,3.24E-01,3.30E+00,0.050989,0.0501
Layer,OKS003,fc-cart,7,8405,8.405,0.005,4.35E+00,1.34E+03,1.827297,1.7955
Layer,OKS003,ltc-cart,8,925,0.925,0.005,1.10E-01,7.78E-01,0.005107,0.005
Layer,OKS003,mtc-cart,9,604,0.604,0.005,4.23E-01,1.45E+00,0.012769,0.0125
Layer,OKS003,pat-cart,10,6244,6.244,0.005,8.59E-02,2.19E+00,0.026816,0.0263
Layer,OKS003,muscle,11,500769,500.769,0.018,6.97E-01,2.61E+03,62.824432,61.7328
Layer,OKS003,adipose,12,288741,288.741,0.0057,1.69E-01,1.70E+01,2.784107,2.7357
Layer,OKS003,skin,13,104223,104.223,0.0046,5.21E-02,4.11E+00,0.2497,0.2454
Layer,OKS003,synovial,14,28636,28.636,0.0002,2.12E+00,1.45E+03,0.121205,0.1191
,,,,,,,,,,
Section,Subject,Group,Total Voxels,Total Vol (cm³),Mean Fluence Rate (mW/cm²),Max Fluence Rate (mW/cm²),Absorbed Power (mW),% of Total Absorbed,,
Group,OKS003,Bone,339081,339.081,7.68E-01,3.31E+03,33.848381,33.2602,,
Group,OKS003,Cartilage,16178,16.178,2.31E+00,1.34E+03,1.871989,1.8395,,
Group,OKS003,Meniscus,5510,5.51,2.07E-01,3.30E+00,0.068506,0.0673,,
Group,OKS003,Synovial,28636,28.636,2.12E+00,1.45E+03,0.121205,0.1191,,
Group,OKS003,Muscle,500769,500.769,6.97E-01,2.61E+03,62.824432,61.7328,,
Group,OKS003,Adipose,288741,288.741,1.69E-01,1.70E+01,2.784107,2.7357,,
Group,OKS003,Skin,104223,104.223,5.21E-02,4.11E+00,0.2497,0.2454,,
Group,OKS003,TOTAL,1283138,1283.138,,,101.768326,100,,
,,,,,,,,,,
Power,OKS003,Sources: 3,Power per source: 37.5 mW (avg),Total input: 112.5 mW,Total absorbed: 101.7683 mW,Absorption ratio: 90.46%,,,,
,,,,,,,,,,
Section,Subject,Group,Mean Fluence Rate (mW/cm²),Dose @ 300s (J/cm²),Dose @ 600s (J/cm²),Dose @ 900s (J/cm²),Therapeutic Goal: (1-4 J/cm²),,,
Dose,OKS003,Bone,7.68E-01,0.2304,0.4608,0.6912,,,,
Dose,OKS003,Cartilage,2.31E+00,0.6943,1.3886,2.0829,,,,
Dose,OKS003,Meniscus,2.07E-01,0.0622,0.1244,0.1866,,,,
Dose,OKS003,Synovial,2.12E+00,0.6349,1.2698,1.9047,,,,
Dose,OKS003,Muscle,6.97E-01,0.2091,0.4182,0.6273,,,,
Dose,OKS003,Adipose,1.69E-01,0.0507,0.1014,0.1521,,,,
Dose,OKS003,Skin,5.21E-02,0.0156,0.0312,0.0468,,,,
,,,,,,,,,,
----------------------------------------,,,,,,,,,,
,,,,,,,,,,
Subject: OKS004,,,,,,,,,,
,,,,,,,,,,
Section,Subject,Tissue,Label,Voxels,Vol (cm³),mua (mm^-1),Mean Fluence Rate (mW/cm²),Max Fluence Rate (mW/cm²),Absorbed Power (mW),% of Total Absorbed
Layer,OKS004,femur-bone,1,140860,140.86,0.013,1.72E+00,3.19E+03,31.409885,31.184
Layer,OKS004,tibia-bone,2,96549,96.549,0.013,7.59E-02,5.24E+00,0.95312,0.9463
Layer,OKS004,fibula-bone,3,8555,8.555,0.013,6.15E-03,1.77E-01,0.006836,0.0068
Layer,OKS004,patella-bone,4,13376,13.376,0.013,1.79E-01,2.71E+00,0.310463,0.3082
Layer,OKS004,lm-men,5,1303,1.303,0.006,1.65E+00,9.76E+00,0.129366,0.1284
Layer,OKS004,mm-men,6,2027,2.027,0.006,2.42E-01,1.82E+00,0.029453,0.0292
Layer,OKS004,fc-cart,7,7483,7.483,0.005,5.29E+00,1.29E+03,1.979256,1.965
Layer,OKS004,ltc-cart,8,841,0.841,0.005,2.96E+00,7.99E+00,0.124303,0.1234
Layer,OKS004,mtc-cart,9,467,0.467,0.005,1.50E-01,6.12E-01,0.003505,0.0035
Layer,OKS004,pat-cart,10,4735,4.735,0.005,1.61E-01,1.44E+00,0.038217,0.0379
Layer,OKS004,muscle,11,433601,433.601,0.018,7.97E-01,1.04E+03,62.239361,61.7918
Layer,OKS004,adipose,12,255753,255.753,0.0057,2.10E-01,2.37E+01,3.063739,3.0417
Layer,OKS004,skin,13,92356,92.356,0.0046,6.49E-02,6.50E+00,0.275578,0.2736
Layer,OKS004,synovial,14,24129,24.129,0.0002,3.34E+00,1.50E+03,0.161162,0.16
,,,,,,,,,,
Section,Subject,Group,Total Voxels,Total Vol (cm³),Mean Fluence Rate (mW/cm²),Max Fluence Rate (mW/cm²),Absorbed Power (mW),% of Total Absorbed,,
Group,OKS004,Bone,259340,259.34,9.69E-01,3.19E+03,32.680305,32.4453,,
Group,OKS004,Cartilage,13526,13.526,3.17E+00,1.29E+03,2.145281,2.1299,,
Group,OKS004,Meniscus,3330,3.33,7.95E-01,9.76E+00,0.158819,0.1577,,
Group,OKS004,Synovial,24129,24.129,3.34E+00,1.50E+03,0.161162,0.16,,
Group,OKS004,Muscle,433601,433.601,7.97E-01,1.04E+03,62.239361,61.7918,,
Group,OKS004,Adipose,255753,255.753,2.10E-01,2.37E+01,3.063739,3.0417,,
Group,OKS004,Skin,92356,92.356,6.49E-02,6.50E+00,0.275578,0.2736,,
Group,OKS004,TOTAL,1082035,1082.035,,,100.724251,100,,
,,,,,,,,,,
Power,OKS004,Sources: 3,Power per source: 37.5 mW (avg),Total input: 112.5 mW,Total absorbed: 100.7243 mW,Absorption ratio: 89.53%,,,,
,,,,,,,,,,
Section,Subject,Group,Mean Fluence Rate (mW/cm²),Dose @ 300s (J/cm²),Dose @ 600s (J/cm²),Dose @ 900s (J/cm²),Therapeutic Goal: (1-4 J/cm²),,,
Dose,OKS004,Bone,9.69E-01,0.2908,0.5816,0.8724,,,,
Dose,OKS004,Cartilage,3.17E+00,0.9516,1.9032,2.8548,,,,
Dose,OKS004,Meniscus,7.95E-01,0.2385,0.477,0.7155,,,,
Dose,OKS004,Synovial,3.34E+00,1.0019,2.0038,3.0057,,,,
Dose,OKS004,Muscle,7.97E-01,0.2392,0.4784,0.7176,,,,
Dose,OKS004,Adipose,2.10E-01,0.063,0.126,0.189,,,,
Dose,OKS004,Skin,6.49E-02,0.0195,0.039,0.0585,,,,
,,,,,,,,,,
----------------------------------------,,,,,,,,,,
,,,,,,,,,,
Subject: OKS006,,,,,,,,,,
,,,,,,,,,,
Section,Subject,Tissue,Label,Voxels,Vol (cm³),mua (mm^-1),Mean Fluence Rate (mW/cm²),Max Fluence Rate (mW/cm²),Absorbed Power (mW),% of Total Absorbed
Layer,OKS006,femur-bone,1,153814,153.814,0.013,1.42E+00,3.27E+03,28.375126,27.9863
Layer,OKS006,tibia-bone,2,94670,94.67,0.013,6.61E-02,5.92E+00,0.813653,0.8025
Layer,OKS006,fibula-bone,3,9911,9.911,0.013,3.14E-03,1.37E-01,0.004048,0.004
Layer,OKS006,patella-bone,4,12343,12.343,0.013,2.45E+00,3.74E+02,3.928222,3.8744
Layer,OKS006,lm-men,5,2476,2.476,0.006,3.38E+00,4.13E+01,0.502233,0.4954
Layer,OKS006,mm-men,6,1969,1.969,0.006,1.18E-01,1.43E+00,0.013894,0.0137
Layer,OKS006,fc-cart,7,8564,8.564,0.005,4.09E+00,1.45E+03,1.750943,1.727
Layer,OKS006,ltc-cart,8,1494,1.494,0.005,2.15E+00,1.02E+01,0.160798,0.1586
Layer,OKS006,mtc-cart,9,572,0.572,0.005,1.55E-01,7.86E-01,0.004446,0.0044
Layer,OKS006,pat-cart,10,5871,5.871,0.005,1.75E-01,3.56E+00,0.051233,0.0505
Layer,OKS006,muscle,11,434802,434.802,0.018,7.98E-01,2.57E+03,62.438843,61.5833
Layer,OKS006,adipose,12,255564,255.564,0.0057,2.02E-01,2.35E+01,2.949568,2.9092
Layer,OKS006,skin,13,92653,92.653,0.0046,6.00E-02,6.99E+00,0.255628,0.2521
Layer,OKS006,synovial,14,26259,26.259,0.0002,2.68E+00,1.41E+03,0.140549,0.1386
,,,,,,,,,,
Section,Subject,Group,Total Voxels,Total Vol (cm³),Mean Fluence Rate (mW/cm²),Max Fluence Rate (mW/cm²),Absorbed Power (mW),% of Total Absorbed,,
Group,OKS006,Bone,270738,270.738,9.41E-01,3.27E+03,33.121048,32.6672,,
Group,OKS006,Cartilage,16501,16.501,2.38E+00,1.45E+03,1.96742,1.9405,,
Group,OKS006,Meniscus,4445,4.445,1.94E+00,4.13E+01,0.516127,0.5091,,
Group,OKS006,Synovial,26259,26.259,2.68E+00,1.41E+03,0.140549,0.1386,,
Group,OKS006,Muscle,434802,434.802,7.98E-01,2.57E+03,62.438843,61.5833,,
Group,OKS006,Adipose,255564,255.564,2.02E-01,2.35E+01,2.949568,2.9092,,
Group,OKS006,Skin,92653,92.653,6.00E-02,6.99E+00,0.255628,0.2521,,
Group,OKS006,TOTAL,1100962,1100.962,,,101.389175,100,,
,,,,,,,,,,
Power,OKS006,Sources: 3,Power per source: 37.5 mW (avg),Total input: 112.5 mW,Total absorbed: 101.3892 mW,Absorption ratio: 90.12%,,,,
,,,,,,,,,,
Section,Subject,Group,Mean Fluence Rate (mW/cm²),Dose @ 300s (J/cm²),Dose @ 600s (J/cm²),Dose @900s (J/cm²),Therapeutic Goal: (1-4 J/cm²),,,
Dose,OKS006,Bone,9.41E-01,0.2823,0.5646,0.8469,,,,
Dose,OKS006,Cartilage,2.38E+00,0.7154,1.4308,2.1462,,,,
Dose,OKS006,Meniscus,1.94E+00,0.5806,1.1612,1.7418,,,,
Dose,OKS006,Synovial,2.68E+00,0.8029,1.6058,2.4087,,,,
Dose,OKS006,Muscle,7.98E-01,0.2393,0.4786,0.7179,,,,
Dose,OKS006,Adipose,2.02E-01,0.0607,0.1214,0.1821,,,,
Dose,OKS006,Skin,6.00E-02,0.018,0.036,0.054,,,,
,,,,,,,,,,
----------------------------------------,,,,,,,,,,
,,,,,,,,,,
Subject: OKS007,,,,,,,,,,
,,,,,,,,,,
Section,Subject,Tissue,Label,Voxels,Vol (cm³),mua (mm^-1),Mean Fluence Rate (mW/cm²),Max Fluence Rate (mW/cm²),Absorbed Power (mW),% of Total Absorbed
Layer,OKS007,femur-bone,1,194269,194.269,0.013,1.57E+00,3.28E+03,39.656963,39.1697
Layer,OKS007,tibia-bone,2,142930,142.93,0.013,3.22E-02,4.00E+00,0.599017,0.5917
Layer,OKS007,fibula-bone,3,11340,11.34,0.013,8.48E-04,3.80E-02,0.001251,0.0012
Layer,OKS007,patella-bone,4,16445,16.445,0.013,3.12E-02,9.85E-01,0.066663,0.0658
Layer,OKS007,lm-men,5,2930,2.93,0.006,1.44E+00,1.16E+01,0.252509,0.2494
Layer,OKS007,mm-men,6,2973,2.973,0.006,8.12E-02,7.49E-01,0.01448,0.0143
Layer,OKS007,fc-cart,7,13120,13.12,0.005,4.01E+00,1.21E+03,2.629792,2.5975
Layer,OKS007,ltc-cart,8,1709,1.709,0.005,8.02E-01,4.04E+00,0.068531,0.0677
Layer,OKS007,mtc-cart,9,1301,1.301,0.005,2.83E-02,2.12E-01,0.001839,0.0018
Layer,OKS007,pat-cart,10,6906,6.906,0.005,5.73E-02,5.34E-01,0.019801,0.0196
Layer,OKS007,muscle,11,528112,528.112,0.018,5.77E-01,7.57E+02,54.827744,54.154
Layer,OKS007,adipose,12,300838,300.838,0.0057,1.59E-01,1.60E+01,2.719928,2.6865
Layer,OKS007,skin,13,108061,108.061,0.0046,5.00E-02,4.53E+00,0.248719,0.2457
Layer,OKS007,synovial,14,32595,32.595,0.0002,2.10E+00,1.43E+03,0.136818,0.1351
,,,,,,,,,,
Section,Subject,Group,Total Voxels,Total Vol (cm³),Mean Fluence Rate (mW/cm²),Max Fluence Rate (mW/cm²),Absorbed Power (mW),% of Total Absorbed,,
Group,OKS007,Bone,364984,364.984,8.50E-01,3.28E+03,40.323895,39.8284,,
Group,OKS007,Cartilage,23036,23.036,2.36E+00,1.21E+03,2.719963,2.6865,,
Group,OKS007,Meniscus,5903,5.903,7.54E-01,1.16E+01,0.266989,0.2637,,
Group,OKS007,Synovial,32595,32.595,2.10E+00,1.43E+03,0.136818,0.1351,,
Group,OKS007,Muscle,528112,528.112,5.77E-01,7.57E+02,54.827744,54.154,,
Group,OKS007,Adipose,300838,300.838,1.59E-01,1.60E+01,2.719928,2.6865,,
Group,OKS007,Skin,108061,108.061,5.00E-02,4.53E+00,0.248719,0.2457,,
Group,OKS007,TOTAL,1363529,1363.529,,,101.244057,100,,
,,,,,,,,,,
Power,OKS007,Sources: 3,Power per source: 37.5 mW (avg),Total input: 112.5 mW,Total absorbed: 101.2441 mW,Absorption ratio: 89.99%,,,,
,,,,,,,,,,
Section,Subject,Group,Mean Fluence Rate (mW/cm²),Dose @ 300s (J/cm²),Dose @600s (J/cm²),Dose @ 900s (J/cm²),Therapeutic Goal: (1-4 J/cm²),,,
Dose,OKS007,Bone,8.50E-01,0.255,0.51,0.765,,,,
Dose,OKS007,Cartilage,2.36E+00,0.7084,1.4168,2.1252,,,,
Dose,OKS007,Meniscus,7.54E-01,0.2261,0.4522,0.6783,,,,
Dose,OKS007,Synovial,2.10E+00,0.6296,1.2592,1.8888,,,,
Dose,OKS007,Muscle,5.77E-01,0.173,0.346,0.519,,,,
Dose,OKS007,Adipose,1.59E-01,0.0476,0.0952,0.1428,,,,
Dose,OKS007,Skin,5.00E-02,0.015,0.03,0.045,,,,
,,,,,,,,,,
----------------------------------------,,,,,,,,,,
,,,,,,,,,,
Subject: OKS008,,,,,,,,,,
,,,,,,,,,,
Section,Subject,Tissue,Label,Voxels,Vol (cm³),mua (mm^-1),Mean Fluence Rate (mW/cm²),Max Fluence Rate (mW/cm²),Absorbed Power (mW),% of Total Absorbed
Layer,OKS008,femur-bone,1,242486,242.486,0.013,8.66E-01,3.27E+03,27.296314,26.9724
Layer,OKS008,tibia-bone,2,162692,162.692,0.013,1.39E-02,2.64E+00,0.294081,0.2906
Layer,OKS008,fibula-bone,3,19702,19.702,0.013,4.40E-04,2.85E-02,0.001126,0.0011
Layer,OKS008,patella-bone,4,24098,24.098,0.013,1.84E+00,4.45E+02,5.779805,5.7112
Layer,OKS008,lm-men,5,3330,3.33,0.006,7.17E-01,8.05E+00,0.143266,0.1416
Layer,OKS008,mm-men,6,3944,3.944,0.006,1.14E-02,1.88E-01,0.002702,0.0027
Layer,OKS008,fc-cart,7,13577,13.577,0.005,3.89E+00,1.48E+03,2.642444,2.6111
Layer,OKS008,ltc-cart,8,2746,2.746,0.005,4.91E-01,4.03E+00,0.067367,0.0666
Layer,OKS008,mtc-cart,9,1404,1.404,0.005,3.20E-02,2.04E-01,0.002245,0.0022
Layer,OKS008,pat-cart,10,9135,9.135,0.005,1.02E-01,4.73E+00,0.04665,0.0461
Layer,OKS008,muscle,11,595770,595.77,0.018,5.73E-01,2.62E+03,61.461224,60.7319
Layer,OKS008,adipose,12,331894,331.894,0.0057,1.62E-01,2.11E+01,3.065774,3.0294
Layer,OKS008,skin,13,118944,118.944,0.0046,4.97E-02,6.12E+00,0.271918,0.2687
Layer,OKS008,synovial,14,36926,36.926,0.0002,1.71E+00,1.36E+03,0.126005,0.1245
,,,,,,,,,,
Section,Subject,Group,Total Voxels,Total Vol (cm³),Mean Fluence Rate (mW/cm²),Max Fluence Rate (mW/cm²),Absorbed Power (mW),% of Total Absorbed,,
Group,OKS008,Bone,448978,448.978,5.72E-01,3.27E+03,33.371326,32.9753,,
Group,OKS008,Cartilage,26862,26.862,2.05E+00,1.48E+03,2.758705,2.726,,
Group,OKS008,Meniscus,7274,7.274,3.34E-01,8.05E+00,0.145968,0.1442,,
Group,OKS008,Synovial,36926,36.926,1.71E+00,1.36E+03,0.126005,0.1245,,
Group,OKS008,Muscle,595770,595.77,5.73E-01,2.62E+03,61.461224,60.7319,,
Group,OKS008,Adipose,331894,331.894,1.62E-01,2.11E+01,3.065774,3.0294,,
Group,OKS008,Skin,118944,118.944,4.97E-02,6.12E+00,0.271918,0.2687,,
Group,OKS008,TOTAL,1566648,1566.648,,,101.20092,100,,
,,,,,,,,,,
Power,OKS008,Sources: 3,Power per source: 37.5 mW (avg),Total input: 112.5 mW,Total absorbed: 101.2009 mW,Absorption ratio: 89.96%,,,,
,,,,,,,,,,
Section,Subject,Group,Mean Fluence Rate (mW/cm²),Dose @ 300s (J/cm²),Dose @ 600s (J/cm²),Dose @ 900s (J/cm²),Therapeutic Goal: (1-4 J/cm²),,,
Dose,OKS008,Bone,5.72E-01,0.1715,0.343,0.5145,,,,
Dose,OKS008,Cartilage,2.05E+00,0.6162,1.2324,1.8486,,,,
Dose,OKS008,Meniscus,3.34E-01,0.1003,0.2006,0.3009,,,,
Dose,OKS008,Synovial,1.71E+00,0.5119,1.0238,1.5357,,,,
Dose,OKS008,Muscle,5.73E-01,0.1719,0.3438,0.5157,,,,
Dose,OKS008,Adipose,1.62E-01,0.0486,0.0972,0.1458,,,,
Dose,OKS008,Skin,4.97E-02,0.0149,0.0298,0.0447,,,,
,,,,,,,,,,
----------------------------------------,,,,,,,,,,
,,,,,,,,,,
Subject: OKS009,,,,,,,,,,
,,,,,,,,,,
Section,Subject,Tissue,Label,Voxels,Vol (cm³),mua (mm^-1),Mean Fluence Rate (mW/cm²),Max Fluence Rate (mW/cm²),Absorbed Power (mW),% of Total Absorbed
Layer,OKS009,femur-bone,1,221301,221.301,0.013,1.28E+00,3.29E+03,36.701435,36.3598
Layer,OKS009,tibia-bone,2,146161,146.161,0.013,2.58E-02,1.82E+00,0.489338,0.4848
Layer,OKS009,fibula-bone,3,15350,15.35,0.013,3.70E-04,2.23E-02,0.000739,0.0007
Layer,OKS009,patella-bone,4,21353,21.353,0.013,9.46E-02,2.59E+00,0.26263,0.2602
Layer,OKS009,lm-men,5,2642,2.642,0.006,1.03E+00,8.76E+00,0.164003,0.1625
Layer,OKS009,mm-men,6,2560,2.56,0.006,2.07E-01,2.35E+00,0.031757,0.0315
Layer,OKS009,fc-cart,7,13055,13.055,0.005,5.58E+00,2.16E+03,3.641876,3.608
Layer,OKS009,ltc-cart,8,1769,1.769,0.005,7.52E-01,3.04E+00,0.066501,0.0659
Layer,OKS009,mtc-cart,9,1161,1.161,0.005,4.35E-02,3.45E-01,0.002526,0.0025
Layer,OKS009,pat-cart,10,8538,8.538,0.005,5.50E-01,5.89E+00,0.23486,0.2327
Layer,OKS009,muscle,11,548064,548.064,0.018,5.69E-01,2.29E+02,56.128784,55.6063
Layer,OKS009,adipose,12,312095,312.095,0.0057,1.56E-01,1.68E+01,2.777277,2.7514
Layer,OKS009,skin,13,111993,111.993,0.0046,4.68E-02,5.33E+00,0.240869,0.2386
Layer,OKS009,synovial,14,31955,31.955,0.0002,3.08E+00,2.83E+03,0.19696,0.1951
,,,,,,,,,,
Section,Subject,Group,Total Voxels,Total Vol (cm³),Mean Fluence Rate (mW/cm²),Max Fluence Rate (mW/cm²),Absorbed Power (mW),% of Total Absorbed,,
Group,OKS009,Bone,404165,404.165,7.13E-01,3.29E+03,37.454144,37.1055,,
Group,OKS009,Cartilage,24523,24.523,3.22E+00,2.16E+03,3.945763,3.909,,
Group,OKS009,Meniscus,5202,5.202,6.27E-01,8.76E+00,0.19576,0.1939,,
Group,OKS009,Synovial,31955,31.955,3.08E+00,2.83E+03,0.19696,0.1951,,
Group,OKS009,Muscle,548064,548.064,5.69E-01,2.29E+02,56.128784,55.6063,,
Group,OKS009,Adipose,312095,312.095,1.56E-01,1.68E+01,2.777277,2.7514,,
Group,OKS009,Skin,111993,111.993,4.68E-02,5.33E+00,0.240869,0.2386,,
Group,OKS009,TOTAL,1437997,1437.997,,,100.939552,100,,
,,,,,,,,,,
Power,OKS009,Sources: 3,Power per source: 37.5 mW (avg),Total input: 112.5 mW,Total absorbed: 100.9396 mW,Absorption ratio: 89.72%,,,,
,,,,,,,,,,
Section,Subject,Group,Mean Fluence Rate (mW/cm²),Dose @ 300s (J/cm²),Dose @ 600s (J/cm²),Dose @ 900s (J/cm²),Therapeutic Goal: (1-4 J/cm²),,,
Dose,OKS009,Bone,7.13E-01,0.2139,0.4278,0.6417,,,,
Dose,OKS009,Cartilage,3.22E+00,0.9654,1.9308,2.8962,,,,
Dose,OKS009,Meniscus,6.27E-01,0.1882,0.3764,0.5646,,,,
Dose,OKS009,Synovial,3.08E+00,0.9246,1.8492,2.7738,,,,
Dose,OKS009,Muscle,5.69E-01,0.1707,0.3414,0.5121,,,,
Dose,OKS009,Adipose,1.56E-01,0.0468,0.0936,0.1404,,,,
Dose,OKS009,Skin,4.68E-02,0.014,0.028,0.042,,,,
,,,,,,,,,,
----------------------------------------,,,,,,,,,,
